assureur,produit,categorie,prestation,taux_rembourse,plafond_chf,periode,conditions,source_url,type_source,date_verification
Assura,Complementa Extra,lunettes,Verres de lunettes ou lentilles médicalement nécessaires,,100,"par année civile, cumulable jusqu'à 500 CHF si non utilisé",Après déduction de la LAMal. Conditions édition 07.2015,https://static.assura.ch/blue/cockpit-assets/2024/06/18/CSC_ASSURA_ComplementaExtra_2015.07_F_uid_6671518f6a356.pdf,officielle,2026-10-03
Assura,Complementa Extra,lunettes,Chirurgie corrective de la vue,,100,"par année civile, cumulable jusqu'à 500 CHF si non utilisé",Conditions édition 07.2015,https://static.assura.ch/blue/cockpit-assets/2024/06/18/CSC_ASSURA_ComplementaExtra_2015.07_F_uid_6671518f6a356.pdf,officielle,2026-10-03
Assura,Complementa Extra,dentaire,Soins dentaires pour une atteinte survenue après le début du contrat,,1500,"factures par année civile, après franchise annuelle de 500 CHF",Problèmes préexistants et orthodontie exclus,https://static.assura.ch/blue/cockpit-assets/2024/06/18/CSC_ASSURA_ComplementaExtra_2015.07_F_uid_6671518f6a356.pdf,officielle,2026-10-03
Assura,Complementa Extra,hospitalisation,Division commune dans tous les hôpitaux publics de Suisse,100%,,sans limite de durée,Affections en cours à la signature et maternité exclues,https://static.assura.ch/blue/cockpit-assets/2024/06/18/CSC_ASSURA_ComplementaExtra_2015.07_F_uid_6671518f6a356.pdf,officielle,2026-10-03
Assura,Natura,medecines_alternatives,"Thérapeutes non-médecins (ostéopathie, acupuncture, shiatsu, kinésiologie, homéopathie, etc.) membres d'une association reconnue (ex. ASCA)",90%,110,"par séance (130 CHF la 1re consultation), après franchise annuelle de 200 CHF","Max 12 séances par an sans accord préalable. Médicaments et labo max 800 CHF/an. Exclus : affections préexistantes, maladies psychiques, prévention et bien-être",https://static.assura.ch/blue/cockpit-assets/2024/06/18/ASSURA_BVB-Natura_2015.07_D_uid_66715196a296f.pdf,officielle,2026-10-03
Assura,Medna,medecines_alternatives,Médecine complémentaire pratiquée par des médecins,,80,"par séance, après franchise annuelle de 200 CHF",Médicaments remboursés à 80%. Plafond annuel non vérifié,https://static.assura.ch/blue/cockpit-assets/2024/06/18/CSC_ASSURA_Medna-2015.07_F_uid_66715190870e8.pdf,officielle,2026-10-03
Helsana,TOP,lunettes,"Verres de lunettes, lentilles et aides visuelles",90%,150,par année civile,,https://www.helsana.ch/fr/prives/savoir/yeux/prestations-assurance.html,officielle,2026-10-03
Helsana,COMPLETA,lunettes,Verres de lunettes et lentilles,90%,300,par année civile,,https://www.helsana.ch/fr/prives/savoir/yeux/prestations-assurance.html,officielle,2026-10-03
Helsana,COMPLETA PLUS,lunettes,"Verres, montures et lentilles, en plus de COMPLETA",90%,200,"par année civile, sur le montant dépassant COMPLETA",Uniquement en combinaison avec COMPLETA,https://www.helsana.ch/dam/fr/pdf/prives/brochures/assurances-complementaires-ambulatoires.pdf,officielle,2026-10-03
Helsana,COMPLETA PLUS,lunettes,Correction des yeux au laser,100%,500,par oeil et par année civile,Délai de carence de 12 mois,https://www.helsana.ch/dam/fr/pdf/prives/brochures/assurances-complementaires-ambulatoires.pdf,officielle,2026-10-03
Helsana,COMPLETA,medecines_alternatives,"Méthodes et thérapeutes reconnus par Helsana (ostéopathie, kinésiologie, massages médicaux, etc.)",75%,,,Plafond annuel non précisé dans la brochure,https://www.helsana.ch/dam/fr/pdf/prives/brochures/assurances-complementaires-ambulatoires.pdf,officielle,2026-10-03
Helsana,SANA,medecines_alternatives,Méthodes et thérapeutes reconnus par Helsana,75%,,,A VERIFIER : attribution SANA déduite de la brochure,https://www.helsana.ch/dam/fr/pdf/prives/brochures/assurances-complementaires-ambulatoires.pdf,officielle,2026-10-03
Helsana,COMPLETA PLUS,medecines_alternatives,En plus de COMPLETA,15%,500,par année civile,Plus 75% max 500 CHF/an pour méthodes non couvertes par COMPLETA,https://www.helsana.ch/dam/fr/pdf/prives/brochures/assurances-complementaires-ambulatoires.pdf,officielle,2026-10-03
Helsana,COMPLETA,dentaire,"Traitements orthodontiques (appareils, dents de sagesse)",75%,10000,"par année civile, jusqu'à 20 ans révolus",,https://www.helsana.ch/dam/fr/pdf/prives/brochures/assurances-complementaires-ambulatoires.pdf,officielle,2026-10-03
CSS,Assurance ambulatoire myFlex Economy,lunettes,Aucune prestation,,,,,https://www.css.ch/fr/clients-prives/vite-regle/demander-aide/controle-prestations/lunettes.html,officielle,2026-10-03
CSS,Assurance ambulatoire myFlex Balance,lunettes,Verres de lunettes et lentilles,,150,"par année civile (adultes), par cas (enfants)",,https://www.css.ch/fr/clients-prives/vite-regle/demander-aide/controle-prestations/lunettes.html,officielle,2026-10-03
CSS,Assurance ambulatoire myFlex Premium,lunettes,Verres de lunettes et lentilles,,300,"par année civile (adultes), par cas (enfants)",,https://www.css.ch/fr/clients-prives/vite-regle/demander-aide/controle-prestations/lunettes.html,officielle,2026-10-03
CSS,Médecine alternative myFlex Economy,medecines_alternatives,"Méthodes de la liste CSS, thérapeutes enregistrés RME",75%,1000,par année civile,Max 200 CHF/an pour couverture restreinte. Tarif maximal par tranche de 5 min,https://www.css.ch/fr/clients-prives/vite-regle/demander-aide/controle-prestations/methodes-alternatives.html,officielle,2026-10-03
CSS,Médecine alternative myFlex Balance,medecines_alternatives,"Méthodes de la liste CSS, thérapeutes enregistrés RME",75%,3000,par année civile,Max 600 CHF/an pour couverture restreinte. Tarif maximal par tranche de 5 min,https://www.css.ch/fr/clients-prives/vite-regle/demander-aide/controle-prestations/methodes-alternatives.html,officielle,2026-10-03
CSS,Médecine alternative myFlex Premium,medecines_alternatives,"Méthodes de la liste CSS, thérapeutes enregistrés RME",75%,10000,par année civile,Max 2000 CHF/an pour couverture restreinte. Tarif maximal par tranche de 5 min,https://www.css.ch/fr/clients-prives/vite-regle/demander-aide/controle-prestations/methodes-alternatives.html,officielle,2026-10-03
SWICA,Completa Top,lunettes,Lunettes ou lentilles,90%,200,par période de 3 années civiles,,https://www4.swica.ch/p/541_f_Completa.pdf,officielle,2026-10-03
SWICA,Completa Forte,lunettes,Lunettes ou lentilles,90%,900,par période de 3 années civiles,,https://www4.swica.ch/p/541_f_Completa.pdf,officielle,2026-10-03
SWICA,Optima,lunettes,Lunettes et lentilles,90%,300,par période de 3 années civiles,Complément à Completa Top ou Forte,https://www4.swica.ch/p/550_f_Optima.pdf,officielle,2026-10-03
SWICA,Completa Top,medecines_alternatives,Méthodes de médecine complémentaire reconnues par SWICA,,80,par heure,,https://www4.swica.ch/p/541_f_Completa.pdf,officielle,2026-10-03
SWICA,Completa Forte,medecines_alternatives,Méthodes de médecine complémentaire reconnues par SWICA,,120,par heure,,https://www4.swica.ch/p/541_f_Completa.pdf,officielle,2026-10-03
SWICA,Optima,medecines_alternatives,Traitements ambulatoires chez thérapeutes reconnus par SWICA,100%,,,"Couverture intégrale, sous déduction de la participation aux coûts",https://www4.swica.ch/p/550_f_Optima.pdf,officielle,2026-10-03
SWICA,Completa Top,dentaire,Corrections orthodontiques,50%,10000,"par année civile, jusqu'à 25 ans révolus",,https://www4.swica.ch/p/541_f_Completa.pdf,officielle,2026-10-03
SWICA,Completa Forte,dentaire,Corrections orthodontiques,50%,10000,"par année civile, jusqu'à 25 ans révolus",,https://www4.swica.ch/p/541_f_Completa.pdf,officielle,2026-10-03
Visana,Médecine complémentaire III,medecines_alternatives,Médecine complémentaire,90%,10000,par année civile,A VERIFIER sur visana.ch (source peu fiable),https://hellosafe.ch/assurance-maladie/complementaire/visana,secondaire,2026-10-03
CSS,Assurance pour soins dentaires variante 1,dentaire,"Traitements dentaires, hygiène, contrôles",50%,1000,par année civile,"Attestation d'un dentiste exigée à la conclusion. Délai d'un an pour couronnes, ponts, prothèses",https://www.css.ch/fr/clients-prives/bien-assure/caisse-maladie/assurance-complementaire/assurance-soins-dentaires.html,officielle,2026-10-03
CSS,Assurance pour soins dentaires variante 3,dentaire,"Traitements dentaires, hygiène, contrôles",75%,3000,par année civile,"Attestation d'un dentiste exigée. Délai d'un an pour couronnes, ponts, prothèses",https://www.css.ch/fr/clients-prives/bien-assure/caisse-maladie/assurance-complementaire/assurance-soins-dentaires.html,officielle,2026-10-03
CSS,Assurance pour soins dentaires variante 4,dentaire,"Traitements dentaires, hygiène, contrôles",75%,5000,"par année civile, avec quote-part de 500 CHF","Attestation d'un dentiste exigée. Délai d'un an pour couronnes, ponts, prothèses",https://www.css.ch/fr/clients-prives/bien-assure/caisse-maladie/assurance-complementaire/assurance-soins-dentaires.html,officielle,2026-10-03
CSS,Assurance ambulatoire myFlex Balance,dentaire,Orthodontie,50%,12000,"par année civile, jusqu'à 20 ans",,https://www.css.ch/fr/clients-prives/bien-assure/caisse-maladie/assurance-complementaire/assurance-soins-dentaires.html,officielle,2026-10-03
Visana,Soins dentaires,dentaire,"Contrôles, hygiène, traitements de conservation",75%,600 à 5000,"par année civile, selon la variante choisie (600, 1200, 1500, 1800, 3000 ou 5000)",Attestation d'un dentiste exigée. Problèmes dentaires existants à la conclusion exclus,https://fit.visana.ch/dam/jcr:08963d73-f3b5-4582-92a0-ef3f8ad0d67d/zahnversicherungsantrag-kinder-bis4jahre-fr.pdf,officielle,2026-10-03
Helsana,DENTAplus LIGHT,dentaire,"Traitements dentaires, hygiène, contrôles",75%,300,par année civile,,https://www.helsana.ch/fr/prives/savoir/dents/prestations-assurance.html,officielle,2026-10-03
Helsana,DENTAplus BRONZE,dentaire,"Traitements dentaires, hygiène, orthodontie",50%,1000,par année civile,,https://www.helsana.ch/fr/prives/savoir/dents/prestations-assurance.html,officielle,2026-10-03
Helsana,DENTAplus ARGENT,dentaire,"Traitements dentaires, hygiène, orthodontie",75%,2000,par année civile,,https://www.helsana.ch/fr/prives/savoir/dents/prestations-assurance.html,officielle,2026-10-03
Helsana,DENTAplus OR,dentaire,"Traitements dentaires, hygiène, orthodontie",75%,3000,par année civile,,https://www.helsana.ch/fr/prives/savoir/dents/prestations-assurance.html,officielle,2026-10-03
Sanitas,Dental Basic,dentaire,"Obturations, dents de sagesse, traitements de racine, parodontie, couronnes, ponts, facettes (Suisse et pays limitrophes)",80%,2000,"par année civile, prévention comprise, après franchise de 250 CHF","Contrôles et hygiène : 100 CHF/an. Pas d'orthodontie. Sans attestation si hygiéniste dans les 12 derniers mois, contrôle avec radio dans les 24 derniers mois et aucune lésion importante. Carence 6 mois (soins) ou 12 mois (prothèses). Souscription jusqu'à 65 ans",https://www.sanitas.com/fr/clients-prives/assurances/assurances-complementaires/assurances-dentaires.html,officielle,2026-10-03
Sanitas,Dental,dentaire,"Mêmes traitements que Dental Basic, plus orthodontie et chirurgie maxillaire (monde entier)",80%,5000,"par année civile, après franchise de 350 CHF par an et par cas",Un contrôle ou détartrage par an en plus. Attestation dentaire exigée (dès 5 ans pour les enfants). Carence 180 jours sauf accident. Souscription jusqu'à 59 ans,https://www.sanitas.com/fr/clients-prives/assurances/assurances-complementaires/assurances-dentaires.html,officielle,2026-10-03
Sanitas,Vital Basic,lunettes,"Lunettes, lentilles ou chirurgie réfractive (y c. pays limitrophes)",100%,300,par période de 3 ans,,https://www.sanitas.com/fr/clients-prives/assurances/assurances-complementaires/ambulatoire.html,officielle,2026-10-03
Sanitas,Vital Smart,lunettes,"Lunettes, lentilles ou chirurgie réfractive (y c. pays limitrophes)",100%,300,par période de 3 ans,,https://www.sanitas.com/fr/clients-prives/assurances/assurances-complementaires/ambulatoire.html,officielle,2026-10-03
Sanitas,Vital Premium,lunettes,"Lunettes, lentilles ou chirurgie réfractive",100%,600,par période de 3 ans,,https://www.sanitas.com/fr/clients-prives/assurances/assurances-complementaires/ambulatoire.html,officielle,2026-10-03
Sanitas,Vital Basic,medecines_alternatives,Aucune prestation,,,,,https://www.sanitas.com/fr/clients-prives/assurances/assurances-complementaires/ambulatoire.html,officielle,2026-10-03
Sanitas,Vital Smart,medecines_alternatives,Méthodes reconnues par Sanitas,80%,2500,par année civile (ou 5000 selon l'option choisie),Dont max 250 CHF (ou 500) pour les massages,https://www.sanitas.com/fr/clients-prives/assurances/assurances-complementaires/ambulatoire.html,officielle,2026-10-03
Sanitas,Vital Premium,medecines_alternatives,Méthodes reconnues par Sanitas,80%,10000,par année civile,Dont max 750 CHF pour les massages,https://www.sanitas.com/fr/clients-prives/assurances/assurances-complementaires/ambulatoire.html,officielle,2026-10-03
Sanitas,Vital Basic,dentaire,Orthodontie (y c. pays limitrophes),50%,10000,jusqu'à 20 ans révolus,,https://www.sanitas.com/fr/clients-prives/assurances/assurances-complementaires/ambulatoire.html,officielle,2026-10-03
Sanitas,Vital Smart,dentaire,Orthodontie (y c. pays limitrophes),50%,,"sans plafond, jusqu'à 20 ans révolus",,https://www.sanitas.com/fr/clients-prives/assurances/assurances-complementaires/ambulatoire.html,officielle,2026-10-03
Sanitas,Vital Premium,dentaire,Orthodontie,80%,,"sans plafond, jusqu'à 20 ans révolus",,https://www.sanitas.com/fr/clients-prives/assurances/assurances-complementaires/ambulatoire.html,officielle,2026-10-03
Sanitas,Hospital Standard Liberty,hospitalisation,Division commune (chambre à plusieurs lits) dans les hôpitaux conventionnés de toute la Suisse,100%,,,"Surclassement possible : demi-privée 75% (quote-part max 10 000 CHF), privée 50% (quote-part max 20 000 CHF)",https://www.sanitas.com/fr/clients-prives/assurances/assurances-hospitalisation/hopital-stationnaire.html,officielle,2026-10-03
Sanitas,Hospital Extra Liberty,hospitalisation,"Division demi-privée (chambre à deux lits), libre choix du médecin, hôpitaux reconnus par Sanitas",100%,,,Psychiatrie max 180 jours. Rendez-vous chez un spécialiste sous 7 jours,https://www.sanitas.com/fr/clients-prives/assurances/assurances-hospitalisation/hopital-stationnaire.html,officielle,2026-10-03
Sanitas,Hospital Top Liberty,hospitalisation,Division privée (chambre à un lit) dans tous les hôpitaux du monde,100%,,,Traitements planifiés à l'étranger max 250 000 CHF par séjour. Rendez-vous chez un spécialiste sous 3 jours,https://www.sanitas.com/fr/clients-prives/assurances/assurances-hospitalisation/hopital-stationnaire.html,officielle,2026-10-03
Visana,Traitements ambulatoires I,lunettes,Aucune prestation,,,,,https://www.visana.ch/dam/jcr:b62ba2d8-2ec4-40c4-a435-74d895ed8e05/CC_Assurance-maladie_complementaire__Traitements_ambulatoires.pdf,officielle,2026-10-03
Visana,Traitements ambulatoires II,lunettes,Verres de lunettes et lentilles,90%,200,"tous les 3 ans (adultes), par année civile (jusqu'à 18 ans)",Plus de 10 dioptries : 90% max 750 CHF/an. Montures non couvertes,https://www.visana.ch/dam/jcr:b62ba2d8-2ec4-40c4-a435-74d895ed8e05/CC_Assurance-maladie_complementaire__Traitements_ambulatoires.pdf,officielle,2026-10-03
Visana,Traitements ambulatoires III,lunettes,Verres de lunettes et lentilles,90%,250,par année civile,Plus de 10 dioptries : 90% max 750 CHF/an. Montures non couvertes,https://www.visana.ch/dam/jcr:b62ba2d8-2ec4-40c4-a435-74d895ed8e05/CC_Assurance-maladie_complementaire__Traitements_ambulatoires.pdf,officielle,2026-10-03
Visana,Traitements ambulatoires II,dentaire,Orthodontie,80%,10000,"par personne assurée, pour tout le traitement",,https://www.visana.ch/dam/jcr:b62ba2d8-2ec4-40c4-a435-74d895ed8e05/CC_Assurance-maladie_complementaire__Traitements_ambulatoires.pdf,officielle,2026-10-03
Visana,Traitements ambulatoires III,dentaire,Orthodontie,80%,10000,"par personne assurée, pour tout le traitement",,https://www.visana.ch/dam/jcr:b62ba2d8-2ec4-40c4-a435-74d895ed8e05/CC_Assurance-maladie_complementaire__Traitements_ambulatoires.pdf,officielle,2026-10-03
Visana,Hôpital division commune,hospitalisation,"Division commune, choix de l'hôpital dans toute la Suisse",100%,,,Assurance voyage Vacanza incluse,https://fit.visana.ch/dam/jcr:6788e83a-bd7f-4c45-aed0-abb5e136b318/factsheet-assurance-complementaire-hospitalisation.pdf,officielle,2026-10-03
Visana,Hôpital division mi-privée,hospitalisation,"Division mi-privée, libre choix du médecin",100%,,,Assurance voyage Vacanza incluse,https://fit.visana.ch/dam/jcr:6788e83a-bd7f-4c45-aed0-abb5e136b318/factsheet-assurance-complementaire-hospitalisation.pdf,officielle,2026-10-03
Visana,Hôpital division privée,hospitalisation,"Division privée, libre choix du médecin",100%,,,Assurance voyage Vacanza incluse,https://fit.visana.ch/dam/jcr:6788e83a-bd7f-4c45-aed0-abb5e136b318/factsheet-assurance-complementaire-hospitalisation.pdf,officielle,2026-10-03
Visana,Hôpital Flex 2/4,hospitalisation,Choix de la division avant chaque séjour,100%,,,"Commune sans participation. Mi-privée : 2000 CHF/an à charge, privée : 4000 CHF/an (chiffres d'après le nom du produit et moneyland, à vérifier)",https://fit.visana.ch/dam/jcr:6788e83a-bd7f-4c45-aed0-abb5e136b318/factsheet-assurance-complementaire-hospitalisation.pdf,officielle,2026-10-03
Visana,Hôpital Flex 4/8,hospitalisation,Choix de la division avant chaque séjour,100%,,,"Commune sans participation. Mi-privée : 4000 CHF/an, privée : 8000 CHF/an (d'après le nom du produit, à vérifier)",https://fit.visana.ch/dam/jcr:6788e83a-bd7f-4c45-aed0-abb5e136b318/factsheet-assurance-complementaire-hospitalisation.pdf,officielle,2026-10-03
Helsana,HOSPITAL ECO,hospitalisation,"Division commune, libre choix de l'hôpital",100%,,,,https://www.helsana.ch/fr/prives/assurances/assurances-complementaires/assurance-hospitalisation/comparaison-des-prestations.html,officielle,2026-10-03
Helsana,HOSPITAL Demi-privée,hospitalisation,"Chambre à deux lits, libre choix du médecin dans toute la Suisse",100%,,,Médecins et hôpitaux reconnus par Helsana,https://www.helsana.ch/fr/prives/assurances/assurances-complementaires/assurance-hospitalisation/comparaison-des-prestations.html,officielle,2026-10-03
Helsana,HOSPITAL Privée,hospitalisation,"Chambre individuelle, libre choix du médecin dans toute la Suisse",100%,,,Psychiatrie max 180 jours. Urgence à l'étranger couverte sans limite de durée,https://www.helsana.ch/dam/fr/pdf/prives/listes/comparaison-directe-hospital-comfort-avec-hospital-privee.pdf,officielle,2026-10-03
Helsana,HOSPITAL FLEX,hospitalisation,Choix de la division au cas par cas,,,,Participation aux coûts en demi-privée et privée (montants non vérifiés),https://www.helsana.ch/fr/prives/assurances/assurances-complementaires/assurance-hospitalisation/comparaison-des-prestations.html,officielle,2026-10-03
CSS,Assurance d'hospitalisation myFlex Economy,hospitalisation,Choix de la division avant chaque séjour,,,,"Variante 1 : commune sans participation, demi-privée 40%, privée 70%. Variante 2 : demi-privée 20%, privée 35%. Plafonds selon moneyland : V1 8000/14 000 CHF, V2 4000/7000 CHF par an",https://consent-rm1.css.ch/content/dam/css/fr/documents/privatkunden/richtig-versichert/produktblatt/501_f_produktblatt_leistungsuebersicht_myflex.pdf,officielle,2026-10-03
CSS,Assurance d'hospitalisation myFlex Balance,hospitalisation,Choix de la division avant chaque séjour,,,,"Variante 1 : commune sans participation, demi-privée 20%, privée 35%. Variante 2 : demi-privée sans participation, privée 35%",https://consent-rm1.css.ch/content/dam/css/fr/documents/privatkunden/richtig-versichert/produktblatt/501_f_produktblatt_leistungsuebersicht_myflex.pdf,officielle,2026-10-03
CSS,Assurance d'hospitalisation myFlex Premium,hospitalisation,Choix de la division avant chaque séjour,,,,Variante 1 : privée 35% (plafond 2000 CHF/an selon moneyland). Variante 2 : aucune participation dans les 3 divisions,https://consent-rm1.css.ch/content/dam/css/fr/documents/privatkunden/richtig-versichert/produktblatt/501_f_produktblatt_leistungsuebersicht_myflex.pdf,officielle,2026-10-03
SWICA,Hospita Demi-Privée,hospitalisation,"Chambre à deux lits, libre choix du médecin, hôpitaux publics et privés de Suisse et du Liechtenstein",100%,,,,https://www4.swica.ch/p/544_f_Hospita.pdf,officielle,2026-10-03
SWICA,Hospita Privée,hospitalisation,"Chambre individuelle, libre choix du médecin, hôpitaux publics et privés de Suisse et du Liechtenstein",100%,,,,https://www4.swica.ch/p/544_f_Hospita.pdf,officielle,2026-10-03
SWICA,Hospita Flex Demi-Privée,hospitalisation,Choix commune ou demi-privée avant chaque séjour,100%,6000,quote-part max par année civile,Commune sans quote-part. Demi-privée : 300 CHF/jour,https://www4.swica.ch/p/544_f_Hospita.pdf,officielle,2026-10-03
SWICA,Hospita Flex Privée,hospitalisation,"Choix commune, demi-privée ou privée avant chaque séjour",100%,8000,quote-part max par année civile (privée),"Commune sans quote-part. Demi-privée : 300 CHF/jour, max 6000/an. Privée : 400 CHF/jour, max 8000/an",https://www4.swica.ch/p/544_f_Hospita.pdf,officielle,2026-10-03
Assura,Optima Varia,hospitalisation,Division privée ou clinique dans un établissement agréé par Assura,,,,100 CHF/jour d'indemnité si l'assuré choisit la division commune. Conditions 07.2015,https://static.assura.ch/blue/cockpit-assets/2024/06/18/CSC_ASSURA_OptimaVaria_2015.07_F_uid_6671519119750.pdf,officielle,2026-10-03
Assura,Ultra Varia,hospitalisation,Division privée,,,,"Garantie préalable obligatoire avant toute hospitalisation (sauf urgence), sinon aucune prestation. 150 CHF/jour si division commune choisie",https://static.assura.ch/blue/cockpit-assets/2024/06/18/CSC_ASSURA_-UltraVaria_-New-version_08.2022_F_uid_6671518d47390.pdf,officielle,2026-10-03
Assura,Optima Flex Varia,hospitalisation,"Choix de la division (commune, semi-privée, privée) parmi les établissements agréés",,,,Participation en semi-privée et privée (montants non vérifiés). Annonce écrite de la division avant l'hospitalisation,https://static.assura.ch/blue/cockpit-assets/2024/06/18/CSC_ASSURA_-OptimaFlexVaria_09.2019_F_uid_6671518d1e53d.pdf,officielle,2026-10-03
Assura,Hospita,hospitalisation,Capital versé pour une hospitalisation de plus de 24 heures,,3000,capital au choix : 500 à 3000 CHF,Maladies psychiques et affections préexistantes exclues,https://static.assura.ch/blue/cockpit-assets/2024/06/18/CSC_ASSURA_-Hospita_2015.07_F_uid_6671518c09e5e.pdf,officielle,2026-10-03
Sanitas,Surprime individuelle,toutes,"Admission possible malgré des antécédents médicaux, moyennant une surprime individuelle et/ou une réserve, après examen du questionnaire de santé",,,,,https://www.sanitas.com/fr/clients-prives/assurances/assurances-complementaires/ambulatoire.html,officielle,2026-10-03
